text,label
need kaspi cards daily payment 50000,dropper_recruitment
looking for card droppers almaty daily payment,dropper_recruitment
drop job available kaspi bank card needed,dropper_recruitment
money mule position open daily payment guaranteed,dropper_recruitment
need kaspi cards daily payout commission 10 percent,dropper_recruitment
card drop job cash out commission almaty,dropper_recruitment
hiring card droppers kaspi halyk forte bank,dropper_recruitment
drop vacancy no experience required bank card only,dropper_recruitment
mule job receive transfers withdraw cash keep 15 percent,dropper_recruitment
need card mules crypto to cash conversion almaty,dropper_recruitment
open bank account we use it you earn commission,dropper_recruitment
drop job almaty same day payment kaspi gold,dropper_recruitment
card dropper needed weekly payment serious only,dropper_recruitment
earn money with your kaspi card daily withdrawals,dropper_recruitment
need fresh kaspi cards daily transactions payment,dropper_recruitment
hiring droppers cash withdrawal commission 10 percent,dropper_recruitment
drop position available receive money withdraw deliver,dropper_recruitment
bank card needed for job we pay daily almaty,dropper_recruitment
looking for trusted card drop partner kaspi forte,dropper_recruitment
cash mule opportunity commission per transaction almaty,dropper_recruitment
need people with kaspi gold cards for transfers,dropper_recruitment
drop worker required withdraw cash from kaspi account,dropper_recruitment
card needed for transfers we pay 10 percent amount,dropper_recruitment
fresh kaspi card wanted daily cash payment serious,dropper_recruitment
drop team hiring now kaspi halyk bank card required,dropper_recruitment
need person with clean bank account for transfers,dropper_recruitment
card drops job no skills needed almaty astana,dropper_recruitment
receive bank transfer withdraw give us 85 percent,dropper_recruitment
drop scheme earn daily from your kaspi card,dropper_recruitment
open forte bank card get 20000 tenge immediately dropper,dropper_recruitment
cardrop vacancy stable daily income kaspi gold required,dropper_recruitment
need reliable card mule for long term cooperation,dropper_recruitment
drop work daily earnings no experience kaspi bank,dropper_recruitment
we need your bank account for transfers earn commission,dropper_recruitment
daily card drops almaty 10 percent commission paid,dropper_recruitment
drop job required kaspi bank card and phone,dropper_recruitment
cash withdrawal job receive transfers and cash out almaty,dropper_recruitment
looking for droppers kazakhstan all cities kaspi halyk,dropper_recruitment
need kaspi cards for daily transfers payment immediately,dropper_recruitment
earn 10 percent commission per kaspi card withdrawal,dropper_recruitment
Нужны дропы. Работа: принимаешь карту снимаешь нал отдаёшь 10 процентов.,dropper_recruitment
Ищем дропперов по Алматы. Карты Kaspi Халык. Ежедневные выплаты.,dropper_recruitment
Работа для дропа — оформляешь карту на себя передаёшь нам. Платим 5000 тенге.,dropper_recruitment
Срочно нужны дропы! Обнал крупных сумм. Казахстан. Платим сразу.,dropper_recruitment
Дроп вакансия: получаешь переводы снимаешь наличные нам отдаёшь 80 процентов.,dropper_recruitment
Карточный дроп — ищем людей с чистой кредитной историей Kaspi Gold.,dropper_recruitment
Требуются дропперы для обнала. Суммы от 500к до 5млн тенге.,dropper_recruitment
Дропы Алматы: нужна карта Халык Банк паспорт не нужен.,dropper_recruitment
Нужны люди для обнала криптовалюты через Kaspi. Ежедневный заработок от 30000 тенге.,dropper_recruitment
Требуются курьеры-дропы. Забираешь карту активируешь сдаёшь нам. Оплата сразу.,dropper_recruitment
Ищем дропа с картой Сбербанк или Тинькофф для обнала. Платим до 12 процентов.,dropper_recruitment
Набираем дроп команду. Работа удалённая. Нужна только карта и телефон.,dropper_recruitment
Дроп вакансия в Нур-Султане. Оформляешь карту — получаешь 20000 тенге сразу.,dropper_recruitment
Ищу дропов для вывода средств. Криптовалюта нал. Безопасно анонимно.,dropper_recruitment
Мул нужен. Переводы на твой счёт ты снимаешь нал и привозишь. Платим хорошо.,dropper_recruitment
Нужен дроп с картой любого банка РК. Работа чистая.,dropper_recruitment
Открой карту в Forte Bank — заплатим 15000 за карту сразу. Дроп работа.,dropper_recruitment
Дропы срочно! Суммы большие процент хороший. Пишите в Telegram.,dropper_recruitment
Требуется обнальщик. Работа с наличными. Алматы Шымкент Астана.,dropper_recruitment
Ищу надёжного дропа для долгосрочного сотрудничества. Оплата сдельная.,dropper_recruitment
Нужны дропы по всему Казахстану. Карты Kaspi Халык Forte. Платим 10 процентов с оборота.,dropper_recruitment
Стать дропом просто — регистрируешься оформляешь карту зарабатываешь.,dropper_recruitment
Нужны дропы с картами Kaspi! Суммы от 1 млн тенге. Платим сразу после вывода.,dropper_recruitment
Срочно! Ищем дропперов для работы с USDT KZT. Хороший процент.,dropper_recruitment
Дроп схема: карта перевод снятие твой процент. Просто и выгодно.,dropper_recruitment
Вакансия: дроп-обнальщик. Работа с криптой и наличными. Алматы.,dropper_recruitment
Набираем дроп-курьеров. Алматы Астана Шымкент. Ежедневные выплаты.,dropper_recruitment
Нужна карта Kaspi Gold для ежедневного обнала. Платим 50000 тенге в день.,dropper_recruitment
Ищу дроппера с картой Халык Банк. Работа разовая или постоянная.,dropper_recruitment
Дроп работа: ежедневные выплаты анонимность без риска.,dropper_recruitment
Нужны дропы для работы в p2p обменнике Kaspi.,dropper_recruitment
Карточные дропперы нужны срочно! Оплата за каждую транзакцию.,dropper_recruitment
Ищем людей для обнала переводов. Карта Kaspi или Халык обязательна.,dropper_recruitment
Дроп команда набирает новых участников. Выплаты ежедневно.,dropper_recruitment
Нужен дроп в Алматы. Работа: получить перевод снять нал отдать 85 процентов.,dropper_recruitment
Drop rabota Almaty kaspi karta nujna ejednevnaya oplata,dropper_recruitment
Dropper vakansiya Kazakhstan daily payment kaspi halyk,dropper_recruitment
Need dropper kaspi gold karta obnal commission,dropper_recruitment
Kaspi card drop job daily earn commission almaty,dropper_recruitment
Money mule нужен Алматы Kaspi карта ежедневная оплата,dropper_recruitment
Drop team Казахстан kaspi halyk forte card needed,dropper_recruitment
Card dropper нужен срочно almaty astana daily payment,dropper_recruitment
Kaspi card needed daily cash withdrawal job commission,dropper_recruitment
Drop vacancy Kazakhstan earning opportunity kaspi halyk,dropper_recruitment
Нужны дропы kaspi halyk daily payment commission,dropper_recruitment
Dropper job kaspi bank card receive transfer withdraw,dropper_recruitment
Need kaspi card holder for transfers daily income commission,dropper_recruitment
card dropper almaty kaspi daily payout commission earn,dropper_recruitment
drop mule job receive kaspi transfer withdraw daily pay,dropper_recruitment
need bank card mule kaspi halyk drop scheme almaty,dropper_recruitment
obnalshchik needed almaty kaspi card daily payment,dropper_recruitment
withdraw cash card job commission kaspi daily almaty,dropper_recruitment
withdrawal blocked exchange not paying users,exchange_complaint
crypto exchange scam sent funds never received,exchange_complaint
p2p seller received payment did not release crypto,exchange_complaint
exchange fraud took my usdt and blocked me,exchange_complaint
exchanger took money and disappeared telegram,exchange_complaint
binance p2p scam seller blocked after payment,exchange_complaint
exchange rate changed after i sent payment,exchange_complaint
my funds stuck in exchange for 3 weeks,exchange_complaint
scam exchanger on telegram took my crypto,exchange_complaint
withdrawal blocked for 5 days exchange not responding,exchange_complaint
exchange not paying users blocked accounts,exchange_complaint
fake exchange rate showed lower charged higher,exchange_complaint
p2p fraud seller received kzt never released usdt,exchange_complaint
withdrawal pending for weeks exchanger silent,exchange_complaint
exchanger scam do not use this service,exchange_complaint
money stuck in p2p exchanger support not responding,exchange_complaint
exchange support blocked me after sending funds,exchange_complaint
lost 500 usdt to scam exchanger telegram,exchange_complaint
crypto withdrawal delayed 2 weeks exchange not answering,exchange_complaint
exchange charged hidden fee after transfer completed,exchange_complaint
p2p trader locked trade demanding extra payment,exchange_complaint
exchanger showed rate 460 but charged 490 kzt,exchange_complaint
sent btc to exchanger received nothing blocked,exchange_complaint
scam exchange warning user lost 200000 tenge,exchange_complaint
exchange stole my money withdrawal never completed,exchange_complaint
p2p scammer blocked after receiving kzt payment,exchange_complaint
exchange asked for passport photo then disappeared,exchange_complaint
warning fake crypto exchanger taking money blocking users,exchange_complaint
withdrawal request status completed money never arrived,exchange_complaint
trusted exchanger turned scam blocked all users,exchange_complaint
usdt to kzt exchanger fraud lost all funds,exchange_complaint
exchange complaint withdrawal blocked account frozen,exchange_complaint
my crypto stuck on exchanger support ignoring me,exchange_complaint
beware of this telegram exchanger pure scam,exchange_complaint
exchanger blocked my account after receiving payment,exchange_complaint
p2p seller ghost after payment exchange fraud warning,exchange_complaint
rate manipulation in crypto exchange charged extra,exchange_complaint
funds missing from p2p exchange no support response,exchange_complaint
scam exchanger took usdt showed success no kzt received,exchange_complaint
exchange fraud complaint usdt kzt missing support silent,exchange_complaint
Меня кинули на обменнике! Отправил 500 USDT биткоин так и не пришёл.,exchange_complaint
Скам обменник! Exchanger взял комиссию и исчез.,exchange_complaint
Мошенники на бирже. Вывод зависший уже 3 недели.,exchange_complaint
Кидалово! Обещали курс 460 по факту списали по 490.,exchange_complaint
Осторожно! Этот p2p продавец не отдаёт деньги уже 2 дня.,exchange_complaint
Не переводите деньги через этот обменник — берут деньги и пропадают.,exchange_complaint
Меня обманули на Binance P2P. Продавец получил деньги и не выпустил крипту.,exchange_complaint
Потерял 200000 тенге из-за мошеннического обменника в Telegram.,exchange_complaint
Этот обменник — развод. Сначала просят фото паспорта потом исчезают.,exchange_complaint
Жалоба на p2p трейдера: заморозил сделку и требует дополнительную оплату.,exchange_complaint
Не доверяйте этому обменнику — кинул меня на 50000 тенге.,exchange_complaint
Проблема с выводом: заявка висит 5 дней деньги не пришли.,exchange_complaint
Мошеннический обменник обещал instant transfer после оплаты пропал.,exchange_complaint
Отправил деньги через обменник — статус выполнено а деньги не получил.,exchange_complaint
Кидалово на обменнике USDT/KZT. Курс изменили после оплаты.,exchange_complaint
Осторожно с этим продавцом на Bybit P2P! Он мошенник кидает людей.,exchange_complaint
P2P мошенник заблокировал меня после получения оплаты. Деньги пропали.,exchange_complaint
Обманули на обмене валюты. Курс поменяли втихую потерял 15000 тенге.,exchange_complaint
Этот exchanger в Алматы — лохотрон. Взяли наличные крипту не дали.,exchange_complaint
Жалоба: обменник взял 3 процента комиссию которую не указывал заранее.,exchange_complaint
Развод на обменнике — показывают один курс а списывают другой.,exchange_complaint
Мошенник на OKX P2P. Требует предоплату и пропадает.,exchange_complaint
Вывод заблокирован на обменнике уже неделю. Саппорт молчит.,exchange_complaint
Потерял 0.5 BTC из-за скам обменника. Осторожно!,exchange_complaint
Мошенники на p2p площадке. Получили деньги и пропали.,exchange_complaint
Обменник скам! Отправил KZT USDT так и не получил.,exchange_complaint
Вывод средств заблокирован. Обменник не отвечает уже 10 дней.,exchange_complaint
Кинули на крипто обменнике. Потерял 300 долларов.,exchange_complaint
Этот p2p трейдер мошенник. Заморозил сделку после получения KZT.,exchange_complaint
Деньги зависли на обменнике. Служба поддержки не отвечает.,exchange_complaint
Exchange withdrawal blocked не платят уже 3 дня,exchange_complaint
P2p scam Binance продавец получил деньги и исчез,exchange_complaint
Обменник scam! Sent USDT received nothing blocked,exchange_complaint
Exchange не отвечает withdrawal pending week no response,exchange_complaint
Кинули на p2p exchanger Kazakhstan scam warning,exchange_complaint
Вывод blocked exchanger ignoring me already week,exchange_complaint
Скам exchange telegram usdt не пришёл поддержка молчит,exchange_complaint
p2p seller fraud деньги не вернули поддержка не отвечает,exchange_complaint
Exchange blocked withdrawal KZT USDT scam telegram,exchange_complaint
Обменник кинул money stuck no support response,exchange_complaint
guaranteed profit investment referral income passive,pyramid_promo
earn passive income 30 percent monthly guaranteed returns,pyramid_promo
join our investment club guaranteed returns 25 percent,pyramid_promo
referral income program join earn while sleeping invest,pyramid_promo
passive income opportunity invest 100 earn 300 monthly,pyramid_promo
guaranteed profit system 200 percent return 6 months,pyramid_promo
investment fund guaranteed 15 percent weekly returns,pyramid_promo
join referral network earn passive income daily,pyramid_promo
financial freedom through investment program 200 percent roi,pyramid_promo
no risk investment guaranteed monthly income always,pyramid_promo
earn without work invest in our fund 30 percent monthly,pyramid_promo
referral program 3 levels earn 60 percent monthly passive,pyramid_promo
passive income guaranteed invest 200 get 400 next month,pyramid_promo
investment opportunity 300 percent roi 90 days trusted members,pyramid_promo
earn while you sleep investment fund 50 percent monthly,pyramid_promo
guaranteed earnings invest once earn forever passive,pyramid_promo
passive income program minimum deposit earn 10 daily,pyramid_promo
investment club 200 percent return guaranteed no loss,pyramid_promo
referral bonus 15 percent from every friend you invite,pyramid_promo
guaranteed profit no risk investment 1 percent daily 200 days,pyramid_promo
join our investment network earn passive income monthly,pyramid_promo
invest 500 receive 750 after 30 days guaranteed profit,pyramid_promo
passive income 5 percent daily no work required investment,pyramid_promo
investment program guaranteed income 25 percent monthly stable,pyramid_promo
earn money without working our fund pays 2 percent daily,pyramid_promo
multi level marketing opportunity earn from referrals mlm,pyramid_promo
mlm investment program guaranteed income join now,pyramid_promo
crypto investment pool guaranteed 15 percent weekly returns,pyramid_promo
invest today earn tomorrow guaranteed profit system,pyramid_promo
passive earnings guaranteed join investment network today,pyramid_promo
financial independence program 300 percent returns proven,pyramid_promo
referral network guaranteed passive income daily payout,pyramid_promo
hype project guaranteed payouts 50 percent monthly,pyramid_promo
investment club trusted by members earn guaranteed no risk,pyramid_promo
earn 10 percent passive income monthly invest today,pyramid_promo
no loss investment guaranteed return join now invest,pyramid_promo
investment opportunity guaranteed passive income referral,pyramid_promo
fast profit investment 100 becomes 300 in 2 weeks,pyramid_promo
earn passive income through trusted investment network,pyramid_promo
deposit today guaranteed returns passive income daily,pyramid_promo
Пассивный доход 30 процентов в месяц! Инвестируй и зарабатывай.,pyramid_promo
Присоединяйся к нашей инвестиционной программе! Реферальный бонус 15 процентов.,pyramid_promo
Прибыль 5 процентов в день! Вложи 10000 тенге — получай 500 ежедневно.,pyramid_promo
Инвестиционный клуб: вклад от 100 долларов доход 20-40 процентов в месяц.,pyramid_promo
Пассивный заработок без труда. Вложи один раз — получай всегда.,pyramid_promo
Реферальная программа: приведи друга — получи 10 процентов от его вклада.,pyramid_promo
Инвестируй в наш фонд. Гарантированный доход 35 процентов в квартал.,pyramid_promo
Стань финансово свободным! Наш инвест клуб платит 1 процент в день.,pyramid_promo
Вложи 50000 тенге и получай 80000 через 30 дней. Проверенная схема!,pyramid_promo
Приглашаем в партнёрскую сеть! 3 уровня рефералов доход до 60 процентов в месяц.,pyramid_promo
Инвест программа нового поколения. Вклад 200 долларов доход 400 через месяц.,pyramid_promo
Финансовая программа с доходом выше банковского в 10 раз. Присоединяйся!,pyramid_promo
Пирамида? Нет! Хайп проект с выплатами до 50 процентов ежемесячно. Вступай!,pyramid_promo
Реферальная сеть с выплатами: пригласи 3 человека — удвой свой доход!,pyramid_promo
Инвестиционный хайп. Вклады от 10 до 10000 долларов. Выплаты ежедневно.,pyramid_promo
Наш фонд торгует криптой и делится прибылью с участниками. 30 процентов в месяц!,pyramid_promo
Хотите зарабатывать без работы? Наша программа даёт 2 процента в день стабильно.,pyramid_promo
Быстрый доход: вложи 100 долларов — получи 300 за 2 недели. Система работает!,pyramid_promo
Инвест пул: зарабатывай на торговле без знаний и опыта. Всё сделаем за тебя.,pyramid_promo
Стабильный пассивный доход 25 процентов ежемесячно. Минимальный риск. Проверено.,pyramid_promo
Выгодная инвестиция: вклад 500 долларов через 30 дней 750. Надёжно и быстро.,pyramid_promo
Гарантированный доход от инвестиций. Без риска. Без потерь. Присоединяйся.,pyramid_promo
Пассивный доход 40 процентов в месяц! Проверено тысячами участников.,pyramid_promo
MLM возможность! Вложи 100 долларов и зарабатывай на сети партнёров.,pyramid_promo
Инвестируй 1000 тенге получай 10000 ежемесячно. Гарантия без рисков!,pyramid_promo
Реферальная программа с выплатами навсегда. Приглашай — зарабатывай.,pyramid_promo
Пассивный заработок онлайн. Вложи — получай. Без усилий ежедневно.,pyramid_promo
Хайп проект с выплатами. Вклад от 50 долларов. Доход 3 процента в день.,pyramid_promo
Гарантированный доход 50 процентов в месяц. Без рисков. Без обмана. Инвестиции.,pyramid_promo
Пирамида роста! Вложи сегодня удвой через месяц. Партнёрская программа.,pyramid_promo
Guaranteed profit инвестиционная программа referral доход пассивный,pyramid_promo
Passive income вложи 100 earn 300 monthly guaranteed no risk,pyramid_promo
Инвест клуб guaranteed returns 25 percent monthly stable,pyramid_promo
Referral bonus 15 percent от каждого invited друга вклад,pyramid_promo
Financial freedom через investment программу 200 percent roi,pyramid_promo
Пассивный доход earn without work invest today fund,pyramid_promo
Investment opportunity гарантированная прибыль no risk join,pyramid_promo
Guaranteed income invest программа Kazakhstan passive daily,pyramid_promo
Earn while sleeping пассивный доход monthly guaranteed fund,pyramid_promo
Реферальная программа referral income daily earnings passive,pyramid_promo
MLM program пассивный доход earn from network referrals,pyramid_promo
Пассивный заработок earn 50 percent monthly no work invest,pyramid_promo
Investment fund guaranteed доход 30 percent monthly stable,pyramid_promo
Referral network зарабатывай passive income today invest,pyramid_promo
Passive income без работы 2 percent daily stable invest,pyramid_promo
online casino bonus betting fast payout no verification,gambling_promo
join 1win sports betting no verification needed bonus,gambling_promo
mostbet casino bonus 100 percent first deposit sports,gambling_promo
online casino fast payout no kyc needed deposit,gambling_promo
sports betting site no license no verification documents,gambling_promo
bet on football no documents required fast withdrawal,gambling_promo
casino bonus free spins daily no registration needed,gambling_promo
online slots gambling no kyc fast payout crypto,gambling_promo
1xbet mirror link sports betting no ban bypass,gambling_promo
join our casino no verification instant withdrawal daily,gambling_promo
illegal online casino no documents play anonymously,gambling_promo
betting without passport minimum deposit 1000 tenge,gambling_promo
pin up casino bonus 50000 tenge registration bonus,gambling_promo
poker online no license tournaments every hour prize,gambling_promo
casino no kyc crypto deposit instant withdrawal unlimited,gambling_promo
sports betting fast payout no identity check required,gambling_promo
telegram casino slots 24 hours instant payout card,gambling_promo
gambling site no verification crypto accepted anonymous,gambling_promo
casino without documents anonymous fast payouts daily,gambling_promo
online sports book no license best odds live betting,gambling_promo
1win mostbet casino bonus no documents needed,gambling_promo
unlicensed gambling platform best football odds live,gambling_promo
crypto casino deposit btc usdt withdraw kzt no limits,gambling_promo
slot games big bonus no registration required play,gambling_promo
casino app no kyc fast withdrawal daily bonuses spins,gambling_promo
betting tips guaranteed wins vip access monthly channel,gambling_promo
poker room high stakes no verification telegram join,gambling_promo
online casino jackpot slots free spins registration bonus,gambling_promo
sportsbook no license live betting football cricket,gambling_promo
casino slots bonus big win no documents needed play,gambling_promo
1win bonus bet no verification daily payout casino,gambling_promo
mostbet mirror site sports betting available bypass,gambling_promo
illegal bookmaker bet without documents no tax withdraw,gambling_promo
online gambling affiliate earn 40 percent revenue share,gambling_promo
casino slots free spins bonus deposit fast payout,gambling_promo
sports betting without license cryptocurrency accepted bet,gambling_promo
esports betting dota cs2 valorant no verification needed,gambling_promo
underground poker high stakes telegram anonymous no kyc,gambling_promo
online casino play without restrictions no limits bonus,gambling_promo
telegram gambling bot instant payout to card daily,gambling_promo
Заходи на 1Win — лучшие коэффициенты на матчи КПЛ и Лиги чемпионов!,gambling_promo
Mostbet дарит бонус 100 процентов на первый депозит! Ставки на спорт.,gambling_promo
Онлайн казино без верификации. Играй анонимно. Выводи деньги мгновенно.,gambling_promo
1xBet — зеркало работает! Ставь на футбол хоккей теннис прямо сейчас.,gambling_promo
Казино Вулкан: бесплатные спины каждый день. Регистрация за 30 секунд.,gambling_promo
Лучшие слоты онлайн. Без регистрации. Без комиссии. Выигрывай прямо сейчас!,gambling_promo
Ставки на спорт без паспорта! Минимальный депозит 1000 тенге. Заходи!,gambling_promo
Pin-Up Casino — эксклюзивные игры и джекпоты. Бонус при регистрации 50000 тенге.,gambling_promo
Покер онлайн без лицензии. Турниры каждый час. Призовой фонд 10000 долларов.,gambling_promo
Казино работает без ограничений в Казахстане. Играй и выигрывай без документов!,gambling_promo
Лайв ставки на футбол. Коэффициенты выше официальных букмекеров. Без верификации.,gambling_promo
1Win зеркало. Обходи блокировку. Ставь на любой спорт без документов.,gambling_promo
Казино без верификации KYC. Биткоин депозит. Мгновенный вывод без лимитов.,gambling_promo
Зарабатывай на ставках! Наши эксперты дают прогнозы с точностью 90 процентов.,gambling_promo
Рулетка слоты покер — всё в одном боте. Без регистрации. Быстрые выплаты.,gambling_promo
Онлайн казино Казахстан — играй без блокировок без налогов без ограничений.,gambling_promo
Ставки на e-sports. Dota 2 CS2 Valorant. Коэффициенты топ. Без верификации.,gambling_promo
Казино Эльдорадо — тысячи игр моментальные выплаты бонус 200 процентов.,gambling_promo
Нелегальный букмекер: ставь без документов выводи без налогов анонимно.,gambling_promo
Бонус на первый депозит 200 процентов в казино без верификации регистрации!,gambling_promo
Ставки на спорт онлайн. Без документов. Выплаты мгновенно. Криптовалюта.,gambling_promo
Казино без лицензии Казахстан. Анонимные выплаты без проверки личности.,gambling_promo
Игровые автоматы онлайн. Бонус 100000 тенге. Без регистрации. Быстро.,gambling_promo
Онлайн покер без документов. Высокие ставки. Казахстан без лицензии.,gambling_promo
Слоты с джекпотом. Выводи деньги сразу. Без KYC без верификации.,gambling_promo
Telegram казино бот. Играй прямо в мессенджере. Быстрые выплаты на карту.,gambling_promo
Online casino bonus быстрые выплаты no kyc betting,gambling_promo
1win mostbet ставки no verification fast payout casino,gambling_promo
Казино без registration casino bonus slots free spins,gambling_promo
Sports betting без документов no license required bet,gambling_promo
Online gambling Казахстан no kyc casino anonymous,gambling_promo
Casino no documents Казахстан instant withdrawal bonus,gambling_promo
Быстрые выплаты casino bonus no kyc needed slots,gambling_promo
Gambling telegram bot instant payout ставки football,gambling_promo
Casino slots без регистрации daily bonus spins jackpot,gambling_promo
Sports betting fast payout без паспорта без документов,gambling_promo
Крипто casino no kyc bitcoin withdrawal instant no limit,gambling_promo
Online casino бонус free spins no kyc registration,gambling_promo
Ставки на спорт betting no verification daily bonus,gambling_promo
selling vape delivery almaty no license no stamps,contraband_sale
vape wholesale no customs duty paid almaty bulk,contraband_sale
drugs for sale meth cocaine marijuana almaty drops,contraband_sale
drug sales crystal meth ecstasy telegram orders anonymous,contraband_sale
unlicensed vape wholesale 500 units available delivery,contraband_sale
contraband tobacco no stamps 5x cheaper than retail,contraband_sale
illegal alcohol wholesale no license almaty delivery,contraband_sale
prescription drugs without prescription online pharmacy,contraband_sale
cannabis for sale almaty pickup or drop quality tested,contraband_sale
drug marketplace heroin meth lsd onion site bitcoin,contraband_sale
narcotics available anonymous delivery almaty astana,contraband_sale
contraband cigarettes no customs stamps cheaper bulk,contraband_sale
vape import from china no customs no license bulk,contraband_sale
unlicensed alcohol spirits bulk orders available delivery,contraband_sale
drug drops fast delivery quality guaranteed anonymous,contraband_sale
selling vape no stamps no documents bulk wholesale,contraband_sale
contraband sale drugs vape alcohol no customs delivery,contraband_sale
illegal tobacco wholesale no excise stamps cheap,contraband_sale
psychedelics lsd mushrooms dmt ships to almaty delivery,contraband_sale
drugs zakładki guaranteed quality anonymous delivery,contraband_sale
vape without license almaty wholesale delivery bulk,contraband_sale
contraband alcohol no documents no tax bulk delivery,contraband_sale
drug sale online telegram anonymous delivery guaranteed,contraband_sale
selling drugs crystal meth almaty cash pickup drop,contraband_sale
unlicensed pharmacy steroids sleeping pills delivery,contraband_sale
illegal vape wholesale no license 1000 pieces delivery,contraband_sale
drug drop service order telegram automatic delivery almaty,contraband_sale
cannabis marijuana available quality tested almaty pickup,contraband_sale
contraband tobacco cigarettes no excise 10x cheaper,contraband_sale
vape bulk sale no customs no license documents almaty,contraband_sale
illegal narcotics sale anonymous drop almaty astana,contraband_sale
drugs contraband wholesale fast delivery anonymous,contraband_sale
selling contraband goods no license drugs alcohol vape,contraband_sale
drug marketplace anonymous delivery crypto payment bitcoin,contraband_sale
unlicensed vape seller wholesale almaty astana shymkent,contraband_sale
prescription meds without prescription delivery anonymous,contraband_sale
contraband goods wholesale no documentation no customs,contraband_sale
narcotics anonymous drop delivery almaty crypto payment,contraband_sale
drug sale quality tested anonymous crypto bitcoin delivery,contraband_sale
vape no excise stamps wholesale delivery kazakhstan bulk,contraband_sale
Закладки Алматы. Медь скорость экстази. Цены адекватные. Пишите в ТГ.,contraband_sale
Вейп оптом без акцизных марок. Доставка по РК. Минимальный заказ 100 штук.,contraband_sale
Продаю алкоголь без лицензии. Виски водка коньяк. Оптовые цены. Алматы.,contraband_sale
Контрабанда сигарет. Без акцизных марок. Дешевле магазинных в 3 раза.,contraband_sale
Закладки в Астане. Товар: меф гаш амфетамин. Гарантия качества.,contraband_sale
Наркотики: мефедрон кокаин марихуана. Анонимная доставка по городу.,contraband_sale
Продаём спирт без лицензии. Оптом дешевле. Казахстан Россия.,contraband_sale
Вейп-магазин без лицензии. Электронные сигареты оптом. Нет акцизных марок.,contraband_sale
Закладки Шымкент. Качественный товар. Проверенный продавец. Гарантия.,contraband_sale
Алкоголь оптом без акцизных марок. Ящик виски 15000 тенге. Доставка.,contraband_sale
Наркотики без предоплаты. Закладка готова. Оплата после получения.,contraband_sale
Продаю сигареты без акцизов. Ящик 2000 тенге. Астана. Без документов.,contraband_sale
Контрабандный алкоголь. Нет документов нет налогов. Дёшево оптом.,contraband_sale
Мефедрон скорость амфетамин — всегда в наличии. Цены ниже рынка.,contraband_sale
Оптовая продажа вейпов без документов. 1000 штук — 300000 тенге.,contraband_sale
Нелегальный ввоз алкоголя. Не платим НДС. Поставки по всему Казахстану.,contraband_sale
Закладки по всему Казахстану. Меф герб скорость. Быстро и надёжно.,contraband_sale
Продаю нелицензионный алкоголь. Самогон коньяк. Оптовые поставки.,contraband_sale
Вейп без акцизных марок оптом. Привозим из Китая напрямую. Дёшево.,contraband_sale
Кустарный алкоголь. Самогонный завод. Доставка по городу. Алматы.,contraband_sale
Наркотики закладки. Качество проверено. Анонимность гарантирована.,contraband_sale
Продам вейп оптом без лицензии. Любые бренды. Доставка по РК.,contraband_sale
Нелегальный алкоголь оптом. Алматы Астана Шымкент. Оптовые цены.,contraband_sale
Закладки: гашиш марихуана амфетамин. Быстрая доставка. Анонимно.,contraband_sale
Вейп оптом без документов. Товар из Китая. Дёшево быстро.,contraband_sale
Алкоголь без акцизов. Оптовые цены. Доставка по РК без налогов.,contraband_sale
Наркотики: кокаин героин LSD. Анонимная доставка закладки.,contraband_sale
Вейп без лицензии. Алматы. Оптом и в розницу. Без документов.,contraband_sale
Контрабанда товаров без таможни. Алкоголь вейп сигареты дёшево.,contraband_sale
Закладки наркотики Алматы. Проверенный продавец. Гарантия качества.,contraband_sale
Vape без акциза wholesale delivery Almaty no stamps bulk,contraband_sale
Закладки drugs almaty anonymous delivery quality guaranteed,contraband_sale
Selling vape оптом no documents no license Kazakhstan,contraband_sale
Наркотики drugs contraband закладки Almaty delivery,contraband_sale
Alcohol без лицензии wholesale no customs delivery,contraband_sale
Drug drops закладки Almaty fast delivery anonymous,contraband_sale
Вейп wholesale без акциза no stamps delivery bulk,contraband_sale
Contraband продаю алкоголь drugs no license wholesale,contraband_sale
Наркотики sale anonymous закладки telegram delivery,contraband_sale
Vape оптом без документов wholesale delivery Kazakhstan,contraband_sale
Drug закладки almaty quality tested anonymous crypto,contraband_sale
Selling вейп без акцизных марок no license bulk,contraband_sale
Drugs narcotics анонимная доставка almaty закладки,contraband_sale
Alcohol без лицензии no customs almaty sale wholesale,contraband_sale
Selling vape delivery Almaty no license no customs stamps,contraband_sale
selling leaked kazakhstan database iin phone numbers,leak_sale
leaked customer database kazakhstan iin phone name bulk,leak_sale
database for sale telecom subscribers kazakhstan 2m records,leak_sale
selling stolen credit card data 5000 cards cvv included,leak_sale
leaked database halyk bank card numbers cvv dates,leak_sale
stolen identity documents scans kz passports ids sale,leak_sale
database breach for sale internal documents credentials,leak_sale
selling hacked accounts kaspi sberbank email services,leak_sale
credential stuffing list 300k username password pairs kz,leak_sale
leaked ssns and bank details from kazakhstan bulk sale,leak_sale
selling dark web data dump kz government employees,leak_sale
personal data kazakhstan iin passport address bulk sale,leak_sale
cvv dump cards visa mastercard kazakhstan verified,leak_sale
leaked email password combos 1m records kz breach sale,leak_sale
corporate data breach employee credentials for sale,leak_sale
stolen credit card numbers cvv expiry bulk purchase,leak_sale
leaked database online store 500k emails addresses sale,leak_sale
database with kz phone numbers full names fresh 2025,leak_sale
selling iin and personal data of kazakhstan citizens,leak_sale
leaked medical records names diagnoses insurance sale,leak_sale
kazakhstan government employee database for sale leaked,leak_sale
hacked kaspi accounts for sale verified 20000 accounts,leak_sale
stolen bank credentials kz banks 1000 accounts verified,leak_sale
leaked database microfinance organization debtors sale,leak_sale
personal data dump kazakhstan citizens bulk purchase,leak_sale
selling leaked bank data iin name phone balance,leak_sale
cvv fullz kazakhstan cards ready for cashing out,leak_sale
stolen data from kz retailer emails phones orders sale,leak_sale
database sale iin phone personal info kazakhstan bulk,leak_sale
leaked credit card numbers with cvv bulk sale verified,leak_sale
selling leaked database with phone numbers iin address,leak_sale
dark web database sale kazakhstan citizens data bulk,leak_sale
hacked accounts credentials for sale kz services,leak_sale
leaked passport scans kazakhstan bulk purchase sale,leak_sale
personal info dump phone address iin kazakhstan sale,leak_sale
cvv cards dump verified ready kazakhstan bulk,leak_sale
stolen customer database with shipping addresses sale,leak_sale
selling iin database kazakhstan all regions bulk,leak_sale
leaked banking credentials bulk kz bank account sale,leak_sale
database leak sale phone iin personal info bulk kz,leak_sale
Слив базы данных клиентов банка. 500000 записей. ФИО ИИН телефон. Цена 50 долларов.,leak_sale
Продаю дамп карт Kaspi. CVV включён. 10000 карт за 200 долларов.,leak_sale
Слив базы ГЦВП Казахстан. ИИН адрес данные о доходах. Актуальная.,leak_sale
Слив Halyk Bank: номера карт CVV даты истечения. Свежая база 2024 года.,leak_sale
Продаю логины/пароли от аккаунтов Kaspi.kz. 20000 аккаунтов. 100 долларов.,leak_sale
Слив базы сотрудников госорганов РК. ИИН должность зарплата. 300 долларов.,leak_sale
Дамп карт Visa/Mastercard. Казахстан. 2024 год. CVV валидные. Оптом.,leak_sale
База данных жертв финансового мошенничества. ФИО телефоны суммы потерь.,leak_sale
Продам базу email-рассылки: 2 миллиона адресов Казахстан. Дёшево.,leak_sale
Слив данных микрофинансовой организации. Должники суммы контакты.,leak_sale
Дамп карт с пинами. Казахстан Россия. Готово к снятию нала.,leak_sale
База данных с телефонами и ФИО. Свежая 2025 год. 50 долларов.,leak_sale
Взломанная база Wildberries Казахстан. Адреса телефоны история заказов.,leak_sale
Личные данные топ-менеджеров РК компаний. Закрытая база. Цена по запросу.,leak_sale
Слив персональных данных граждан РК. ИИН паспорт адрес. Оптом и в розницу.,leak_sale
Слив базы Forte Bank. Данные клиентов: ФИО ИИН остатки на счетах.,leak_sale
Дамп кредитных карт Казахстан: номера CVV имена держателей. Bulk.,leak_sale
Корпоративные данные: внутренние документы учётные данные сотрудников.,leak_sale
Взломанные аккаунты Kaspi. Верифицированные. Оптом. 500 аккаунтов.,leak_sale
База данных кредитных карт с CVV. Казахстан. Готово к использованию.,leak_sale
Утечка данных из банка. ИИН баланс счёта контактные данные. Оптом.,leak_sale
Скан паспортов граждан Казахстана. Пакет документов. Цена 5 долларов.,leak_sale
Продаю базу данных должников. ИИН сумма долга контакты. МФО.,leak_sale
Украденные данные клиентов интернет-магазина Казахстан. Email адрес.,leak_sale
Дамп банковских карт с пин-кодами. Казахстан Россия. Готово к обналу.,leak_sale
База телефонов граждан Казахстана. Свежая. 2 млн записей. Продаю.,leak_sale
Слив базы медицинских данных. Диагнозы страховки контакты. Оптом.,leak_sale
Утечка данных госпредприятия. ИИН должность зарплата сотрудников.,leak_sale
База данных для спам-рассылки. Казахстан. Email и телефоны. 2 млн.,leak_sale
Слив персональных данных в тёмный веб. Казахстан. Bulk продажа.,leak_sale
Selling leaked база данных Kazakhstan iin phone bulk,leak_sale
Слив database Kazakhstan cvv cards для sale bulk,leak_sale
Database leak ИИН phone numbers Kazakhstan bulk sale,leak_sale
Leaked kaspi база данных accounts для sale verified,leak_sale
Дамп cvv cards Kazakhstan leaked database bulk sale,leak_sale
Stolen data слив iin personal info bulk Kazakhstan,leak_sale
Database breach Казахстан iin cvv phone bulk sale,leak_sale
Selling leaked Kazakhstan database accounts credentials,leak_sale
Слив базы database cvv cards bulk Kazakhstan sale,leak_sale
Leaked credentials базы данных Kazakhstan iin accounts,leak_sale
Stolen identity data Казахстан iin bulk purchase sale,leak_sale
Database sale слив Kazakhstan phone numbers iin address,leak_sale
Selling cvv дамп cards Kazakhstan verified bulk sale,leak_sale
Leaked bank data слив базы iin credentials bulk sale,leak_sale
Kazakhstan database слив iin phone numbers sale bulk,leak_sale
Привет! Как дела? Что нового?,normal
Когда открывается кафе на Достык 12 в Алматы?,normal
Нужна помощь с домашним заданием по математике 10 класс.,normal
Подскажите какой автобус идёт до аэропорта Алматы?,normal
Кто выиграл матч вчера? Результаты КПЛ сегодня.,normal
Hello can you recommend a good restaurant in Almaty?,normal
Ищу работу программиста в Астане. Есть вакансии опыт 5 лет.,normal
Как получить ЭЦП в Казахстане пошаговая инструкция?,normal
Погода в Алматы на завтра прогноз на неделю.,normal
Нужен репетитор по английскому языку для ребёнка 8 лет.,normal
Продаю квартиру в Алматы 2 комнаты цена договорная.,normal
Кто-нибудь пользовался Kaspi кредитом? Расскажите условия.,normal
Ищу попутчиков из Алматы в Астану на пятницу вечер.,normal
Рекомендуете ли хорошего стоматолога в центре Алматы?,normal
What time does the train from Almaty to Shymkent depart?,normal
Как оформить визу в Европу из Казахстана самостоятельно?,normal
Ищу партнёра для открытия кофейни в Алматы инвестиции.,normal
Продаю iPhone 14 состояние хорошее 180000 тенге Алматы.,normal
Как долго занимает регистрация ИП в Казахстане онлайн?,normal
Помогите найти хорошего врача-терапевта в центре Алматы.,normal
Ищу аренду квартиры в центре Алматы на месяц недорого.,normal
Какие документы нужны для открытия банковского счёта?,normal
Подскажите рецепт бешбармака с говядиной традиционный.,normal
Куплю детскую коляску в хорошем состоянии Алматы.,normal
Where can I exchange currency in Almaty at a good rate?,normal
Нужна рекомендация хорошего нотариуса в Алматы.,normal
Как пополнить баланс на Beeline через приложение Kaspi?,normal
Интересует курс казахского языка онлайн для начинающих.,normal
Продаю ноутбук Samsung 8GB RAM 120000 тенге Алматы.,normal
Кто едет на концерт в MEGA Almaty в субботу вечером?,normal
Как записаться к врачу через eGov Казахстан портал?,normal
Ищу репетитора по физике для 11 класса подготовка ЕНТ.,normal
Рекомендуете ли фитнес-клуб в Алматы недалеко от центра?,normal
How do I apply for Kazakh citizenship documents needed?,normal
Добрый день! Есть вопрос по налоговой декларации ИП.,normal
Ищу работу учителя начальных классов в школе Алматы.,normal
Как получить загранпаспорт в Казахстане сроки стоимость?,normal
Продаю велосипед Trek состояние отличное 80000 тенге.,normal
Good morning what is the weather like in Astana today?,normal
How to apply for a job at Kaspi bank requirements?,normal
Ищу инструктора по вождению в Алматы цена курсы.,normal
Как открыть расчётный счёт для ИП в Казахстане онлайн?,normal
Нужен совет по выбору ноутбука для работы офис интернет.,normal
Когда праздник Наурыз в 2026 году программа мероприятий?,normal
Ищу опытного бухгалтера для малого бизнеса Алматы.,normal
How to get a medical insurance in Kazakhstan expats?,normal
Looking for a language exchange partner for Russian learning.,normal
Продаю диван в хорошем состоянии Алматы 30000 тенге.,normal
What documents do I need for a bank loan in Kazakhstan?,normal
Как получить льготы многодетной семье в Казахстане?,normal
Recipe for traditional Kazakh food plov and beshbarmak?,normal
Как зарегистрировать автомобиль в Казахстане новый купленный?,normal
Ищу аниматора для детского дня рождения в Алматы.,normal
Есть ли доставка еды ночью в Алматы какие сервисы?,normal
How to use the eGov portal Kazakhstan step by step?,normal
Ищу репетитора казахского языка онлайн для взрослых.,normal
What is the best way to travel from Almaty to Bishkek?,normal
Нужен совет по дизайну квартиры студия интерьер идеи.,normal
Как открыть бизнес в Казахстане для иностранного гражданина?,normal
Ищу хорошего психолога в Алматы семейный консультант.,normal
Looking for roommates in Almaty city center apartment budget.,normal
Продаю фотоаппарат Canon зеркальный 150000 тенге Алматы.,normal
Как получить гражданство Казахстана иностранцу документы?,normal
Ищу работу водителя категория B Алматы официальное трудоустройство.,normal
Where is the best place to buy electronics in Almaty?,normal
Нужен хороший мастер по ремонту квартиры Алматы цены.,normal
Как перевести деньги из Казахстана в Россию банковский перевод?,normal
Looking for used car under 3 million tenge in Almaty.,normal
Подскажите хорошую частную школу в Алматы для ребёнка.,normal
How much does it cost to rent an apartment in Almaty center?,normal
Ищу работу менеджера по продажам Алматы опыт 3 года.,normal
Когда открывается торговый центр Esentai Mall в воскресенье?,normal
